{
  "best_params": {
    "max_depth": 6,
    "learning_rate": 0.09029695278881468,
    "subsample": 0.8,
    "colsample_bytree": 0.8,
    "min_child_weight": 5,
    "gamma": 0.0,
    "reg_alpha": 0.8106717941382142,
    "reg_lambda": 2.5050214648793716,
    "num_boost_round": 93
  },
  "best_ic": 0.07541712576522006,
  "strategies": {
    "10%\u7b49\u6743": {
      "annual_return": 0.24706442498135117,
      "max_drawdown": -0.18832942361696645,
      "sharpe_ratio": 1.153392358933433,
      "calmar_ratio": 1.3118737382420012,
      "ir": 1.1408527015297585,
      "ic": 0.021583576754221723,
      "rank_ic": 0.020272692419345532
    },
    "15%\u7b49\u6743": {
      "annual_return": 0.18674674257901835,
      "max_drawdown": -0.1659927973183447,
      "sharpe_ratio": 0.9599016768690651,
      "calmar_ratio": 1.1250291916032433,
      "ir": 0.9798955804852028,
      "ic": 0.021583576754221723,
      "rank_ic": 0.020272692419345532
    },
    "20%\u7b49\u6743": {
      "annual_return": 0.1684894153878833,
      "max_drawdown": -0.15878593555993012,
      "sharpe_ratio": 0.9538457958032152,
      "calmar_ratio": 1.0611104490692806,
      "ir": 0.972208063293392,
      "ic": 0.021583576754221723,
      "rank_ic": 0.020272692419345532
    },
    "10%\u4fe1\u53f7\u52a0\u6743": {
      "annual_return": 0.24762413615153256,
      "max_drawdown": -0.23673877089016043,
      "sharpe_ratio": 0.9930358797775332,
      "calmar_ratio": 1.045980492423958,
      "ir": 1.0148020902226937,
      "ic": 0.021583576754221723,
      "rank_ic": 0.020272692419345532
    },
    "15%\u4fe1\u53f7\u52a0\u6743": {
      "annual_return": 0.22031596326872904,
      "max_drawdown": -0.21953769025843017,
      "sharpe_ratio": 0.9706790286651354,
      "calmar_ratio": 1.003545054197221,
      "ir": 0.9937066560627054,
      "ic": 0.021583576754221723,
      "rank_ic": 0.020272692419345532
    },
    "20%\u4fe1\u53f7\u52a0\u6743": {
      "annual_return": 0.22255184911436632,
      "max_drawdown": -0.20198727432412564,
      "sharpe_ratio": 1.0434212103316358,
      "calmar_ratio": 1.1018112396389936,
      "ir": 1.0517212544325645,
      "ic": 0.021583576754221723,
      "rank_ic": 0.020272692419345532
    }
  },
  "timestamp": "20260611_102029"
}