{
  "best_params": {
    "max_depth": 5,
    "learning_rate": 0.28546072039092524,
    "subsample": 0.8659969709057025,
    "colsample_bytree": 0.7993292420985183,
    "colsample_bylevel": 0.5780093202212182,
    "min_child_weight": 3,
    "gamma": 0.05808361216819946,
    "reg_alpha": 2.5985284373248057,
    "reg_lambda": 3.005575058716044,
    "num_boost_round": 227
  },
  "best_score": 0.5633879362194858,
  "search_method": "bayesian_optimization",
  "timestamp": "2026-06-10T21:17:30.757836",
  "n_trials": 5
}